ACMER;MER
ACAPT;CAPTEURS ET COMPOSITES
AIXEA;IXEAD
AERIM;ERIMAT
AIXPE;IXPEL
AROBO;ROBOTIQUE ET PROCEDES
ACSUP;SUPPORT
ACBSO;CBS
ATHCH;THERASSAY CH
AIREA;IREALITE
ACPCE;CPC ENG
AINSI;INSILICO
ABIOS;BIOSYS
AIREA;IREALITE
AKNOW;KNOWEDGE
AGEPR;GP
ALTEN;LTN
AVALI;VALINBTP
ASPEC;SPECTROMAITRISE
APATR;PATRIMOINE
ADZYM;DZYME
ATHCL;THERASSAY CLM
ATHPC;THERASSAY PC
AEREL;ERELUEC
ACECO;ECONOMIE CIRCULAIRE
AEASI;EASI
ATHAL;THALASSOMICS
AEAU0;EAU
AACCE;ACCESS MEMORIA
AOBSL;OBSERVATOIRE DU LITTORAL
AOBS2;OBSERVATOIRE DU LITTORAL 2
AEPUM;EPUM
AENFA;ENFANCE
